year,scenario,incident_patients_per_year,pd_suitable_share,eligible_patients_per_year,pd_uptake,hd_uptake,notes,source_key,source_title,source_url,data_origin
2026,current_practice,2190,0.6,1314,0.19,0.81,Counterfactual scenario keeps PD uptake constant at the current policy anchor.,MOH_PD_POLICY,Ministry of Health Singapore. Key causes of recent increase in number of patients requiring kidney dialysis,https://www.moh.gov.sg/newsroom/key-causes-of-recent-increase-in-number-of-patients-requiring-kidney-dialysis/,Singapore policy statement on PD-preferred strategy and PD uptake target
2026,low_pd_adoption,2190,0.6,1314,0.21,0.79,Conservative increase in PD uptake below the 30% policy target by year 5.,MOH_PD_POLICY,Ministry of Health Singapore. Key causes of recent increase in number of patients requiring kidney dialysis,https://www.moh.gov.sg/newsroom/key-causes-of-recent-increase-in-number-of-patients-requiring-kidney-dialysis/,Singapore policy statement on PD-preferred strategy and PD uptake target
2026,base_pd_adoption,2190,0.6,1314,0.22,0.78,Base scenario reaches the 30% PD uptake target by year 5.,MOH_PD_POLICY,Ministry of Health Singapore. Key causes of recent increase in number of patients requiring kidney dialysis,https://www.moh.gov.sg/newsroom/key-causes-of-recent-increase-in-number-of-patients-requiring-kidney-dialysis/,Singapore policy statement on PD-preferred strategy and PD uptake target
2026,high_pd_adoption,2190,0.6,1314,0.25,0.75,"Ambitious scenario exceeds the 30% target, used to test budget impact under stronger uptake.",MOH_PD_POLICY,Ministry of Health Singapore. Key causes of recent increase in number of patients requiring kidney dialysis,https://www.moh.gov.sg/newsroom/key-causes-of-recent-increase-in-number-of-patients-requiring-kidney-dialysis/,Singapore policy statement on PD-preferred strategy and PD uptake target
2027,current_practice,2190,0.6,1314,0.19,0.81,Counterfactual scenario keeps PD uptake constant at the current policy anchor.,MOH_PD_POLICY,Ministry of Health Singapore. Key causes of recent increase in number of patients requiring kidney dialysis,https://www.moh.gov.sg/newsroom/key-causes-of-recent-increase-in-number-of-patients-requiring-kidney-dialysis/,Singapore policy statement on PD-preferred strategy and PD uptake target
2027,low_pd_adoption,2190,0.6,1314,0.23,0.77,Conservative increase in PD uptake below the 30% policy target by year 5.,MOH_PD_POLICY,Ministry of Health Singapore. Key causes of recent increase in number of patients requiring kidney dialysis,https://www.moh.gov.sg/newsroom/key-causes-of-recent-increase-in-number-of-patients-requiring-kidney-dialysis/,Singapore policy statement on PD-preferred strategy and PD uptake target
2027,base_pd_adoption,2190,0.6,1314,0.24,0.76,Base scenario reaches the 30% PD uptake target by year 5.,MOH_PD_POLICY,Ministry of Health Singapore. Key causes of recent increase in number of patients requiring kidney dialysis,https://www.moh.gov.sg/newsroom/key-causes-of-recent-increase-in-number-of-patients-requiring-kidney-dialysis/,Singapore policy statement on PD-preferred strategy and PD uptake target
2027,high_pd_adoption,2190,0.6,1314,0.3,0.7,"Ambitious scenario exceeds the 30% target, used to test budget impact under stronger uptake.",MOH_PD_POLICY,Ministry of Health Singapore. Key causes of recent increase in number of patients requiring kidney dialysis,https://www.moh.gov.sg/newsroom/key-causes-of-recent-increase-in-number-of-patients-requiring-kidney-dialysis/,Singapore policy statement on PD-preferred strategy and PD uptake target
2028,current_practice,2190,0.6,1314,0.19,0.81,Counterfactual scenario keeps PD uptake constant at the current policy anchor.,MOH_PD_POLICY,Ministry of Health Singapore. Key causes of recent increase in number of patients requiring kidney dialysis,https://www.moh.gov.sg/newsroom/key-causes-of-recent-increase-in-number-of-patients-requiring-kidney-dialysis/,Singapore policy statement on PD-preferred strategy and PD uptake target
2028,low_pd_adoption,2190,0.6,1314,0.25,0.75,Conservative increase in PD uptake below the 30% policy target by year 5.,MOH_PD_POLICY,Ministry of Health Singapore. Key causes of recent increase in number of patients requiring kidney dialysis,https://www.moh.gov.sg/newsroom/key-causes-of-recent-increase-in-number-of-patients-requiring-kidney-dialysis/,Singapore policy statement on PD-preferred strategy and PD uptake target
2028,base_pd_adoption,2190,0.6,1314,0.26,0.74,Base scenario reaches the 30% PD uptake target by year 5.,MOH_PD_POLICY,Ministry of Health Singapore. Key causes of recent increase in number of patients requiring kidney dialysis,https://www.moh.gov.sg/newsroom/key-causes-of-recent-increase-in-number-of-patients-requiring-kidney-dialysis/,Singapore policy statement on PD-preferred strategy and PD uptake target
2028,high_pd_adoption,2190,0.6,1314,0.34,0.6599999999999999,"Ambitious scenario exceeds the 30% target, used to test budget impact under stronger uptake.",MOH_PD_POLICY,Ministry of Health Singapore. Key causes of recent increase in number of patients requiring kidney dialysis,https://www.moh.gov.sg/newsroom/key-causes-of-recent-increase-in-number-of-patients-requiring-kidney-dialysis/,Singapore policy statement on PD-preferred strategy and PD uptake target
2029,current_practice,2190,0.6,1314,0.19,0.81,Counterfactual scenario keeps PD uptake constant at the current policy anchor.,MOH_PD_POLICY,Ministry of Health Singapore. Key causes of recent increase in number of patients requiring kidney dialysis,https://www.moh.gov.sg/newsroom/key-causes-of-recent-increase-in-number-of-patients-requiring-kidney-dialysis/,Singapore policy statement on PD-preferred strategy and PD uptake target
2029,low_pd_adoption,2190,0.6,1314,0.26,0.74,Conservative increase in PD uptake below the 30% policy target by year 5.,MOH_PD_POLICY,Ministry of Health Singapore. Key causes of recent increase in number of patients requiring kidney dialysis,https://www.moh.gov.sg/newsroom/key-causes-of-recent-increase-in-number-of-patients-requiring-kidney-dialysis/,Singapore policy statement on PD-preferred strategy and PD uptake target
2029,base_pd_adoption,2190,0.6,1314,0.28,0.72,Base scenario reaches the 30% PD uptake target by year 5.,MOH_PD_POLICY,Ministry of Health Singapore. Key causes of recent increase in number of patients requiring kidney dialysis,https://www.moh.gov.sg/newsroom/key-causes-of-recent-increase-in-number-of-patients-requiring-kidney-dialysis/,Singapore policy statement on PD-preferred strategy and PD uptake target
2029,high_pd_adoption,2190,0.6,1314,0.37,0.63,"Ambitious scenario exceeds the 30% target, used to test budget impact under stronger uptake.",MOH_PD_POLICY,Ministry of Health Singapore. Key causes of recent increase in number of patients requiring kidney dialysis,https://www.moh.gov.sg/newsroom/key-causes-of-recent-increase-in-number-of-patients-requiring-kidney-dialysis/,Singapore policy statement on PD-preferred strategy and PD uptake target
2030,current_practice,2190,0.6,1314,0.19,0.81,Counterfactual scenario keeps PD uptake constant at the current policy anchor.,MOH_PD_POLICY,Ministry of Health Singapore. Key causes of recent increase in number of patients requiring kidney dialysis,https://www.moh.gov.sg/newsroom/key-causes-of-recent-increase-in-number-of-patients-requiring-kidney-dialysis/,Singapore policy statement on PD-preferred strategy and PD uptake target
2030,low_pd_adoption,2190,0.6,1314,0.27,0.73,Conservative increase in PD uptake below the 30% policy target by year 5.,MOH_PD_POLICY,Ministry of Health Singapore. Key causes of recent increase in number of patients requiring kidney dialysis,https://www.moh.gov.sg/newsroom/key-causes-of-recent-increase-in-number-of-patients-requiring-kidney-dialysis/,Singapore policy statement on PD-preferred strategy and PD uptake target
2030,base_pd_adoption,2190,0.6,1314,0.3,0.7,Base scenario reaches the 30% PD uptake target by year 5.,MOH_PD_POLICY,Ministry of Health Singapore. Key causes of recent increase in number of patients requiring kidney dialysis,https://www.moh.gov.sg/newsroom/key-causes-of-recent-increase-in-number-of-patients-requiring-kidney-dialysis/,Singapore policy statement on PD-preferred strategy and PD uptake target
2030,high_pd_adoption,2190,0.6,1314,0.4,0.6,"Ambitious scenario exceeds the 30% target, used to test budget impact under stronger uptake.",MOH_PD_POLICY,Ministry of Health Singapore. Key causes of recent increase in number of patients requiring kidney dialysis,https://www.moh.gov.sg/newsroom/key-causes-of-recent-increase-in-number-of-patients-requiring-kidney-dialysis/,Singapore policy statement on PD-preferred strategy and PD uptake target
