parameter,category,base_value,low_value,high_value,unit,source_key,source_title,source_url,notes
incident_kidney_failure_patients_per_year,population,2190.0,,,patients_per_year,NKF_KEY_STATS,National Kidney Foundation Singapore. Key Statistics,https://nkfs.org/about-us/key-statistics/,Annual incident kidney failure patients derived from six new patients per day.
pd_suitable_share,population,0.6,0.4,0.8,proportion,MOH_PD_POLICY,Ministry of Health Singapore. Key causes of recent increase in number of patients requiring kidney dialysis,https://www.moh.gov.sg/newsroom/key-causes-of-recent-increase-in-number-of-patients-requiring-kidney-dialysis/,Assumption applied to incident patients to estimate medically suitable PD-eligible cohort.
eligible_patients_per_year,population,1314.0,,,patients_per_year,MOH_PD_POLICY,Ministry of Health Singapore. Key causes of recent increase in number of patients requiring kidney dialysis,https://www.moh.gov.sg/newsroom/key-causes-of-recent-increase-in-number-of-patients-requiring-kidney-dialysis/,Derived as incident patients per year multiplied by PD suitability share.
current_pd_uptake,uptake,0.19,,,proportion,MOH_PD_POLICY,Ministry of Health Singapore. Key causes of recent increase in number of patients requiring kidney dialysis,https://www.moh.gov.sg/newsroom/key-causes-of-recent-increase-in-number-of-patients-requiring-kidney-dialysis/,Current practice PD uptake anchor among new dialysis patients.
target_pd_uptake,uptake,0.3,,,proportion,MOH_PD_POLICY,Ministry of Health Singapore. Key causes of recent increase in number of patients requiring kidney dialysis,https://www.moh.gov.sg/newsroom/key-causes-of-recent-increase-in-number-of-patients-requiring-kidney-dialysis/,Policy target PD uptake among new dialysis patients.
annual_cost_hd,cost,37800.0,33600.0,42000.0,SGD_per_year,DUKE_MYKIDNEY_COSTS,Duke-NUS Lien Centre for Palliative Care. myKIDNEY: Comparing treatment options,https://www.duke-nus.edu.sg/lcpc/mykidney/treatment-options/comparing-treatment-options,Annual HD cost used in base Markov model.
annual_cost_pd,cost,18840.0,16800.0,20700.0,SGD_per_year,KHAN_2022_ECONOMICS,Khan BA et al. Health economics of kidney replacement therapy in Singapore: Taking stock and looking ahead. Ann Acad Med Singap. 2022.,https://annals.edu.sg/health-economics-of-kidney-replacement-therapy-in-singapore-taking-stock-and-looking-ahead/,Annual blended PD cost used in base Markov model.
annual_cost_switched_pd_to_hd,cost,37800.0,33600.0,42000.0,SGD_per_year,DUKE_MYKIDNEY_COSTS,Duke-NUS Lien Centre for Palliative Care. myKIDNEY: Comparing treatment options,https://www.duke-nus.edu.sg/lcpc/mykidney/treatment-options/comparing-treatment-options,Assumed equal to annual HD cost after PD technique failure or modality switch.
annual_cost_death,cost,0.0,0.0,0.0,SGD_per_year,DRUMMOND_2015,Drummond MF et al. Methods for the Economic Evaluation of Health Care Programmes. 4th ed.,NA,No ongoing dialysis cost assigned after death in this simplified model.
health_state_utility_hd,utility,0.58,0.44,0.71,utility_weight,COOPER_2020_UTILITIES,Cooper JT et al. Health related quality of life utility weights for economic evaluation through different stages of chronic kidney disease: a systematic review. 2020.,https://pmc.ncbi.nlm.nih.gov/articles/PMC7507735/,"Placeholder utility for first-pass model. Cooper et al. systematic review supports using CKD utility evidence, but this exact base value should be sensitivity-tested."
health_state_utility_pd,utility,0.62,0.53,0.72,utility_weight,YANG_2018_PD_HRQoL,Yang F et al. Health-Related Quality of Life in Patients Treated with Continuous Ambulatory Peritoneal Dialysis and Automated Peritoneal Dialysis in Singapore.,https://link.springer.com/article/10.1007/s41669-017-0046-z,Placeholder utility for first-pass model. Keep utility difference small because Singapore PD modality HRQoL evidence suggests differences can be modest.
health_state_utility_switched_pd_to_hd,utility,0.56,0.44,0.71,utility_weight,COOPER_2020_UTILITIES,Cooper JT et al. Health related quality of life utility weights for economic evaluation through different stages of chronic kidney disease: a systematic review. 2020.,https://pmc.ncbi.nlm.nih.gov/articles/PMC7507735/,Assumed slightly lower than stable HD due to prior technique failure/switch burden. High-priority sensitivity parameter.
health_state_utility_death,utility,0.0,0.0,0.0,utility_weight,DRUMMOND_2015,Drummond MF et al. Methods for the Economic Evaluation of Health Care Programmes. 4th ed. Oxford University Press; 2015.,,Death has zero utility in QALY modelling.
annual_death_probability_hd,transition,0.12,0.08,0.18,annual_probability,KHOO_2022_OUTCOMES,Khoo CY et al. Death and cardiovascular outcomes in end-stage renal failure patients on different modalities of dialysis. Ann Acad Med Singap. 2022.,https://annals.edu.sg/death-and-cardiovascular-outcomes-in-end-stage-renal-failure-patients-on-different-modalities-of-dialysis/,Base case assumes equal annual mortality for HD and PD to avoid over-interpreting observational modality differences. Replace with registry-calibrated survival if available.
annual_death_probability_pd,transition,0.12,0.08,0.2,annual_probability,KHOO_2022_OUTCOMES,Khoo CY et al. Death and cardiovascular outcomes in end-stage renal failure patients on different modalities of dialysis. Ann Acad Med Singap. 2022.,https://annals.edu.sg/death-and-cardiovascular-outcomes-in-end-stage-renal-failure-patients-on-different-modalities-of-dialysis/,Base case assumes equal mortality. Scenario analysis can apply the Singapore observational HR for PD versus HD.
annual_pd_to_hd_switch_probability,transition,0.15,0.08,0.25,annual_probability,KHAN_2022_ECONOMICS,Khan BA et al. Health economics of kidney replacement therapy in Singapore: Taking stock and looking ahead. Ann Acad Med Singap. 2022.,https://annals.edu.sg/health-economics-of-kidney-replacement-therapy-in-singapore-taking-stock-and-looking-ahead/,Represents PD technique failure or modality switch. Needs validation from registry or local clinical input.
annual_hd_to_pd_switch_probability,transition,0.01,0.0,0.03,annual_probability,MOH_PD_POLICY,Ministry of Health Singapore. Key causes of recent increase in number of patients requiring kidney dialysis,https://www.moh.gov.sg/newsroom/key-causes-of-recent-increase-in-number-of-patients-requiring-kidney-dialysis/,Small switch probability because the policy question focuses on initial modality uptake among new patients.
time_horizon_years,model_setting,5.0,1.0,10.0,years,SG_MTE_METHODS,Singapore Medical Technology Evaluation Methods and Process Guide,https://www.ace-hta.gov.sg/resources/process-methods/,Base-case model and budget impact horizon.
cycle_length_years,model_setting,1.0,0.5,1.0,years,DRUMMOND_2015,Drummond MF et al. Methods for the Economic Evaluation of Health Care Programmes. 4th ed.,NA,Annual cycle length for first-pass cohort Markov model.
